id,group,car_make,car_model,car_model_year,car_vin
1,group1,Honda,Crosstour,2012,1FTSW2B50AE468131
2,group2,Suzuki,SJ,1987,1D7RW3BKXAS860697
3,group1,BMW,5 Series,1995,KL4CJASB8DB234065
4,group3,Toyota,MR2,2002,JH4DC548X3S946006
5,,Mitsubishi,Expo LRV,1996,WBAFV3C57ED384196
6,group3,Volkswagen,Jetta,1985,WBAVT13566A853268
7,group2,Mazda,Mazda5,2009,WBAVM1C50EV117415
8,group2,Ford,Taurus,2011,1GKUCGEJ0AR685492
9,group1,Acura,TL,2011,SCFEBBCF0CG308049
10,group2,Chevrolet,G-Series G10,1994,WBA3B9G52FN859659
11,group2,Mercedes-Benz,SL-Class,2009,1G6DK5EG7A0344850
12,group1,Maserati,GranTurismo,2009,WDDNG7BB7BA366761
13,group1,Nissan,Quest,2007,WBAYF8C53FD301903
14,group2,Volvo,S40,2005,1N6AF0KY5FN646150
15,,Cadillac,Escalade ESV,2010,2C3CCAPG9DH927811
16,group2,Pontiac,,1986,WBADR63451G170806
17,group1,Cadillac,DeVille,1999,3VWKP7AJ2DM009318
18,group2,Buick,Regal,1994,1FTWW3DY8AE886130
19,group3,Infiniti,Q,1996,JTMHY7AJ1A5570900
20,group2,Honda,Pilot,2007,SCBFR7ZA7CC236641
21,group3,Buick,Lucerne,2011,JTDKTUD30ED409546
22,group2,Toyota,Sequoia,2001,3C4PDDDG5DT077294
23,group2,GMC,Yukon XL 2500,2002,SALVP2BGXFH163622
24,group2,Ford,Crown Victoria,2002,WVGAV3AX2EW155118
25,group1,Honda,Element,2004,1D4PU4GK9AW777277
26,,Oldsmobile,Aurora,2003,WAUUL78E37A043038
27,group2,Mercedes-Benz,W201,1987,SCFFDABE8CG466933
28,group1,Buick,Coachbuilder,1993,3GYFNAE39ES116053
29,group1,Chevrolet,2500,2000,WAUMV94E88N551950
30,group3,Pontiac,G6,2009,WBAEV534X3K263640
31,group2,Mazda,929,1988,WAULC68E83A310657
32,group2,Acura,TSX,2005,1G6DJ8E3XD0436881
33,group3,,,2002,WAUWMAFCXEN947771
34,group1,Porsche,Boxster,1999,WBA4A7C57FD304388
35,group1,Mercedes-Benz,SL-Class,1997,JH4CU4F47AC127751
36,group3,Isuzu,Oasis,1998,WBANU53508C028435
37,group2,Buick,Regal,2003,1GYEE23A290515788
38,group1,Volvo,960,1993,1G6DP1ED6B0262769
39,group1,BMW,,1994,5FNYF3H2XAB305694
40,group2,Aston Martin,Vantage,2008,WBA5M4C54ED483630
41,group1,Chrysler,Voyager,2000,SCBBP9ZA1BC831581
42,group1,Chevrolet,Corsica,1995,WBA3C1C55EK970548
43,group2,Toyota,Celica,2003,1G6AB5RX7E0431473
44,group1,Ford,Econoline E350,1992,5UXZV4C55CL065872
45,group2,Volvo,C70,2008,WAUNE78P78A660234
46,group2,GMC,Jimmy,1997,5J6TF2H58FL362425
47,group3,Ford,Tempo,1993,3C4PDCBBXET721410
48,group3,Pontiac,Grand Prix,2002,WAUCFAFH5AN571595
49,group3,Jaguar,X-Type,2007,KMHCT4AE2FU571928
50,group1,Saab,9-5,2011,WBAAX134X5P714606
51,group1,Nissan,300ZX,1994,1GD01XEG2FZ742962
52,group2,Chevrolet,Lumina,2000,3D7TT2CT0BG133612
53,group3,Ford,Probe,1992,WAUAFAFL5DN453952
54,group2,Mazda,Navajo,1991,3C4PDCEG8FT654668
55,group1,Pontiac,Sunfire,2002,1FTEX1CM7BF946650
56,group3,Acura,TL,2007,JM1NC2LF2F0318591
57,group2,Lamborghini,Diablo,2001,2G4WB52K511195563
58,group3,Buick,Park Avenue,2004,1GKS1AKC3FR360682
59,group3,Jaguar,XJ Series,1997,1G6AD5S37E0352080
60,group1,Mitsubishi,Truck,1987,19UUA9E53CA012585
61,group1,Volvo,V50,2009,1G4GA5GC3AF457226
62,group3,Chevrolet,S10,2003,5TDBK3EH6BS703895
63,group3,Geo,Metro,1993,1GD02ZCG7BF749428
64,group1,,960,1994,3C4PDCBB5CT510595
65,group1,Ford,E150,2006,WAUCFAFH8AN872183
66,group2,,Escalade,2008,1GKUKFDJ2AR102645
67,group2,Suzuki,Sidekick,1995,WVWED7AJ2DW199520
68,group1,Toyota,MR2,1987,5N1AN0NW8DN080560
69,group3,Infiniti,J,1997,2HNYB1H60CH823176
70,group2,,,1993,WAUSF98E37A383946
71,group3,Ford,Windstar,1999,WBAPH7G53AN096130
72,group1,GMC,Envoy XUV,2005,JTDBT4K30B4033767
73,group1,BMW,M5,2002,JN8AS5MT5CW313776
74,group2,,Concorde,2003,WBAYM9C56ED395754
75,group2,Nissan,Altima,2005,WAUSF78K09A593532
76,group3,Mercedes-Benz,CL-Class,2011,1N6AD0CU4CC567576
77,group2,Ford,Fiesta,2013,1G4PP5SK8C4770574
78,,Land Rover,Range Rover,1993,JH4CL96897C518153
79,group3,Mitsubishi,Outlander,2007,WUAUUAFGXEN134933
80,group1,Ford,GT500,2007,JH4DC53892C376204
81,,Volkswagen,New Beetle,2002,JN1AZ4EH5BM023501
82,group2,Dodge,Magnum,2005,WP0AA2A90DS785236
83,group3,,riolet,1994,WBAYE4C52FD048245
84,group2,Chevrolet,Impala,2005,JN8AZ2KR4AT737241
85,group3,Toyota,Supra,1994,2LMDJ6JC5AB656026
86,group3,Audi,R8,2011,1GD12ZCG7CF478327
87,group1,Lexus,RX,2008,SALAB2D43BA373899
88,group3,Dodge,Aries,1981,1C6RD6KP3CS643869
89,group3,Acura,MDX,2011,WBAFU7C55BC315597
90,group3,Acura,,2004,WBSBL93471J395429
91,group3,Audi,A3,2006,3C3CFFHH6DT436812
92,,,,1991,KMHGH4JF7BU064867
93,group2,Ferrari,599 GTB Fiorano,2010,TRUTC28N131431001
94,group1,Volkswagen,Touareg,2003,WBSWL93598P377810
95,group1,Chevrolet,Express 1500,2008,KNAGM4A72B5295384
96,group2,Nissan,Frontier,2000,2C4RDGEG7ER843359
97,group1,Mercedes-Benz,M-Class,2012,1N6AF0LX2FN147490
98,group1,Chevrolet,Malibu,2008,WAUKFAFL3BA302729
99,group3,Chevrolet,Silverado 2500,2005,3D7JV1EP3BG221243
100,group1,Cadillac,Escalade,2006,3C4PDDDG1FT874709
101,group1,Pontiac,Bonneville,1987,JHMGE8G30BC280954
102,group3,Buick,Roadmaster,1994,5FNYF3H27FB869200
103,group3,GMC,Sierra 2500,2001,3LN6L2G9XER592351
104,group2,Lexus,GS,2003,3C3CFFFHXET233457
105,group3,Chevrolet,Impala,2002,1C3CDFEB7ED729129
106,group3,Daewoo,Nubira,2001,1GT02ZCG5EF335914
107,group2,Volkswagen,Beetle,1967,1GYS4JKJ2FR900440
108,group1,Ford,Escort,1994,WBAHL83526D102124
109,group3,Chevrolet,Impala,2008,2D4RN7DG8BR257797
110,group1,Mercedes-Benz,R-Class,2010,1GYS4RKJ5FR508275
111,group3,Oldsmobile,Ciera,1994,1FTEX1CM1DK514825
112,group2,Mitsubishi,Montero,1998,3N1CN7AP6FL920085
113,group1,Ferrari,612 Scaglietti,2007,WBAUC73519V037659
114,group2,Jeep,Liberty,2010,WBAKN9C53ED752021
115,group3,Saab,9-3,2010,WAUWFAFR3CA942480
116,group2,Dodge,Caliber,2010,WBADW3C5XDE158313
117,group3,Chrysler,200,2012,19XFA1E86BE293943
118,group3,Lexus,HS,2011,1G6DZ67A180697363
119,group3,Audi,A5,2010,1FTWX3D52AE752006
120,group3,Infiniti,QX56,2007,1G6AJ1R36F0954607
121,group3,Kia,Soul,2012,5XYZT3LB7EG225868
122,group1,Bentley,Continental,2012,1G6DX67D790951451
123,group1,Honda,CR-V,2004,JN8AZ2NC4F9817179
124,group1,Aston Martin,Rapide,2011,3C6JD6CT8CG209642
125,group3,Mercury,Sable,1988,3GYFNEEYXAS221522
126,group1,Infiniti,,2004,1G6DA8EG6A0496350
127,group2,Acura,TL,1996,WUARL48HX8K545562
128,group3,Subaru,Brat,1984,WA1KK98R49A362053
129,group3,Mazda,B2600,1989,WAUDF98E48A112257
130,group1,Chevrolet,3500,1997,JH4CL96915C272835
131,group3,Nissan,Sentra,2005,JN1BY1AP8FM407880
132,group1,Ford,E250,2009,4F2CY0C71AK868528
133,group1,,Passat,1990,WAUVC68E04A901236
134,group2,Kia,Sportage,1998,JA32X8HW2CU617102
135,group1,Kia,Sedona,2009,3D7JV1EP3BG396804
136,group2,Honda,CR-V,2012,WAUWFAFRXCA059265
137,group3,Isuzu,Amigo,1993,JH4CL959X6C820530
138,group2,Pontiac,Grand Am,1985,WAUHE78P09A599162
139,group3,Volkswagen,Eurovan,1995,2GKALMEK5E6677965
140,group3,Ford,Probe,1993,JA32U2FU0EU200412
141,group1,Acura,RL,2003,4T1BF3EK2AU510987
142,group1,Ford,E250,2008,WAUDFAFC1EN761473
143,group3,Ford,Focus,2000,WUADUAFG8AN282234
144,group2,Kia,,2006,WAUFFAFM3BA976504
145,group2,Mercedes-Benz,C-Class,2004,WBAYA6C58FD342305
146,group1,Oldsmobile,Custom Cruiser,1992,JM3TB2BA8F0549826
147,group1,GMC,Acadia,2012,JM1NC2MF0D0207470
148,group3,Hyundai,Genesis Coupe,2013,WAUGFBFCXDN474652
149,group3,Plymouth,Laser,1991,WAUJT58E42A830421
150,group3,BMW,M3,2006,1GKS1HE08BR990220
151,group3,Jaguar,X-Type,2006,JM1NC2LF4F0214572
152,group2,Volkswagen,Jetta,1991,19VDE3F3XDE682199
153,group1,Toyota,Corolla,1995,WBAYE0C54ED725268
154,,Honda,Odyssey,2001,JM1NC2LF4C0354567
155,group3,Buick,Skylark,1987,JN8AE2KP5F9830932
156,group1,Subaru,Impreza WRX,2010,2G4WC532851738504
157,group3,,J,1993,5FRYD4H63EB796807
158,group2,Honda,Element,2011,YV1672MSXB2490932
159,group1,Audi,TT,2006,5TFBW5F19DX474417
160,group3,,IS,2002,1G6AC1R39F0499584
161,group3,Dodge,Ram 1500,1994,4T1BF3EK9BU767825
162,group2,,GranTurismo,2010,1FTEW1CF0FK334291
163,group2,Honda,S2000,2003,WBADT43401G009320
164,group3,Geo,Tracker,1995,4USBT53505L669339
165,group1,Saturn,Relay,2005,JA4AP3AU8CZ349016
166,group1,Subaru,Baja,2005,WAUBFBFL7AN974127
167,group3,Chevrolet,Corvette,2004,2C4RDGDGXFR959349
168,group2,Mazda,B-Series,1987,5UXKR2C57F0545668
169,,Kia,Spectra,2004,SCFEBBCF9CG527771
170,group1,Lexus,ES,1995,SALAF2D49AA427984
171,group2,Saab,9000,1986,JN8AF5MR7BT858970
172,group2,Jeep,Grand Cherokee,1993,WA1CKAFPXAA390743
173,group1,Buick,LeSabre,2004,KNDPB3A20C7269248
174,group2,Saturn,Astra,2008,WAUKF98E56A536390
175,group3,Honda,,2012,5TDBY5G15BS809944
176,group2,Chevrolet,Avalanche 2500,2002,WA1YD64B14N585535
177,group1,,Boxster,1997,1GD21ZCG4CZ167427
178,group2,BMW,M3,1997,1FMNE1BW5AD079764
179,,Oldsmobile,Alero,2000,KNDPB3A23C7218097
180,group3,Chevrolet,Camaro,2012,YV4952CT1E1561123
181,group3,GMC,Yukon,1996,55SWF4JB2FU990187
182,group2,Audi,A5,2010,JM3TB2CV1F0766149
183,group3,Mazda,Mazda6,2006,WAUMV94E88N834557
184,group3,Pontiac,Firefly,1989,5J8TB18557A672185
185,group3,Volkswagen,Phaeton,2006,WDDHF2EB5BA248352
186,group2,Maserati,GranSport,2005,1GD21XEG4FZ983639
187,group2,,Cabriolet,1990,1N6AA0EK9FN741686
188,group3,BMW,X6 M,2012,WAUAFAFL8BN469169
189,group1,Dodge,Shadow,1992,1ZVBP8ANXA5480238
190,group1,Buick,Century,2000,2G4WB55K341519402
191,group2,BMW,X5,2001,5NPDH4AE0CH875758
192,,Ford,,2008,WAUDF78E38A979041
193,group2,Suzuki,Swift,1997,WAUWFAFH9CN294773
194,group1,Nissan,GT-R,2012,JH4KB16507C987119
195,,Toyota,Land Cruiser,2007,1N6AD0CU7AC398506
196,group3,Cadillac,Escalade,1999,2HNYD18221H794493
197,group3,Volvo,,1998,1FAHP3CN1AW571394
198,group1,Mitsubishi,Montero Sport,2002,5N1AR2MM2FC799673
199,group3,Acura,RDX,2010,WDDJK7DA4EF330017
200,,Lotus,Elise,2009,WAUAC48H25K318269
